id,created,primary,nauth,flags
2405.00007,2024-01-27,cs.CE,1,
2405.00041,2024-03-30,physics.soc-ph,3,
2405.00058,2024-04-25,math.OC,2,
2405.00061,2024-04-26,math.OC,5,
2405.00067,2024-04-28,math.OC,2,
2405.00068,2024-04-28,math.OC,2,
2405.00109,2024-04-30,cs.IT,3,
2405.00122,2024-04-30,math.OC,1,
2405.00126,2024-04-30,math.OC,1,
2405.00135,2024-04-30,cs.IT,7,
2405.00148,2024-04-30,math.OC,4,
2405.00152,2024-04-30,math.AC,3,
2405.00165,2024-05-02,cs.CC,2,
2405.00173,2024-04-30,math.GR,1,
2405.00198,2024-04-30,math.NA,2,
2405.00206,2024-04-30,math.AG,1,
2405.00221,2024-04-30,math.MG,1,
2405.00224,2024-04-30,math.OC,3,
2405.00230,2024-05-07,math.OC,2,
2405.00231,2024-04-30,math.AP,1,
2405.00240,2024-04-30,math.AC,1,
2405.00268,2024-05-01,cs.NE,4,
2405.00274,2024-05-01,math.NT,2,
2405.00297,2024-05-06,math.CO,2,
2405.00300,2024-05-01,math.NA,2,
2405.00309,2024-05-01,cs.IT,3,
2405.00323,2024-05-01,math.DS,2,
2405.00324,2024-05-01,math.AP,3,
2405.00325,2024-05-01,math.CA,2,
2405.00329,2024-05-01,cs.CR,3,
2405.00331,2024-05-03,math.AC,2,
2405.00364,2024-05-01,math.ST,6,
2405.00368,2024-05-01,cs.IT,1,
2405.00371,2024-05-01,math.OC,1,
2405.00382,2024-05-01,math.NA,3,
2405.00386,2024-05-01,math-ph,2,
2405.00399,2024-05-01,math.NA,4,
2405.00404,2024-05-01,hep-th,5,
2405.00412,2024-05-01,math.DG,1,
2405.00414,2024-05-01,math.PR,3,
2405.00429,2024-05-01,cs.DS,2,
2405.00440,2024-05-01,cs.LO,2,
2405.00447,2024-05-01,math.OC,2,
2405.00454,2024-05-01,cs.LG,5,
2405.00463,2024-05-01,math.DS,2,
2405.00474,2024-05-01,cs.IT,5,
2405.00486,2024-05-01,math.OC,3,
2405.00488,2024-05-01,math.CT,1,
2405.00498,2024-05-01,math.CT,1,
2405.00501,2024-05-01,math.DG,2,
2405.00518,2024-05-01,math.CO,3,
2405.00529,2024-05-01,math.NA,3,
2405.00544,2024-05-01,math.NT,2,
2405.00545,2024-05-01,cs.IT,6,
2405.00559,2024-05-01,math.NA,2,
2405.00569,2024-05-02,math.NA,3,
2405.00580,2024-05-01,math.AG,2,
2405.00584,2024-05-01,cs.IT,2,
2405.00589,2024-05-01,math.RA,3,
2405.00599,2024-05-01,math.RT,1,
2405.00606,2024-05-01,q-fin.RM,1,
2405.00607,2024-05-01,math.CV,1,
2405.00616,2024-05-01,cs.IT,6,
2405.00656,2024-05-01,math.OC,5,
2405.00658,2024-05-01,math.NT,4,
2405.00665,2024-05-01,cs.IT,5,
2405.00681,2024-02-22,eess.SP,4,
2405.00703,2024-04-22,math.AP,3,
2405.00707,2024-04-23,quant-ph,1,
2405.00729,2024-04-27,math.RT,1,
2405.00731,2024-04-28,math.AP,3,
2405.00737,2024-04-29,math.AP,1,
2405.00756,2024-05-01,math.CO,1,
2405.00758,2024-05-01,math.CO,1,
2405.00761,2024-05-01,math.DG,1,
2405.00803,2024-05-01,math.NA,1,
2405.00806,2024-05-01,math.NA,2,
2405.00814,2024-05-01,cs.CE,4,
2405.00837,2024-05-01,cs.LG,3,
2405.00842,2024-05-01,math.ST,4,
2405.00852,2024-05-01,math.DG,1,
2405.00867,2024-05-01,cs.RO,4,
2405.00868,2024-05-01,math.NT,2,
2405.00869,2024-05-01,math.CV,1,
2405.00881,2024-05-01,math.CO,2,
2405.00889,2024-05-01,math.AT,1,
2405.00898,2024-05-01,quant-ph,2,
2405.00904,2024-05-01,math.NA,2,
2405.00916,2024-05-02,math.RT,1,
2405.00928,2024-05-02,math.ST,1,
2405.00929,2024-05-03,quant-ph,2,
2405.00932,2024-05-02,math.AT,4,
2405.00933,2024-05-02,math.NA,2,
2405.00939,2024-05-02,math.DS,3,
2405.00951,2024-05-02,cs.CV,2,
2405.00964,2024-05-02,math.ST,2,
2405.00974,2024-05-02,math.ST,2,
2405.00985,2024-05-02,cs.LG,3,
2405.00994,2024-05-02,math.AC,1,
2405.00996,2024-05-02,math.NT,3,
2405.01000,2024-05-02,cs.IT,2,
2405.01026,2024-05-02,math.ST,3,
2405.01027,2024-05-02,math.CO,2,
2405.01031,2024-05-03,cs.LG,5,
2405.01036,2024-05-02,math.AP,4,
2405.01038,2024-05-02,math.AP,2,
2405.01043,2024-05-02,cs.IT,5,
2405.01049,2024-05-02,math.CO,1,
2405.01062,2024-05-02,math.DG,3,
2405.01069,2024-05-02,math.CO,2,
2405.01070,2024-05-02,math.AP,4,
2405.01081,2024-05-02,math.CA,4,
2405.01082,2024-05-02,math.NA,3,
2405.01098,2024-05-02,quant-ph,4,
2405.01104,2024-05-02,cs.IT,8,
2405.01106,2024-05-02,math.SG,1,
2405.01123,2024-05-02,math.OC,1,
2405.01129,2024-05-02,math.AG,1,
2405.01135,2024-05-02,math.SP,2,
2405.01136,2024-05-02,cs.IT,7,
2405.01146,2024-05-02,cs.IT,6,
2405.01148,2024-05-02,q-bio.NC,1,
2405.01150,2024-05-02,cs.IT,4,
2405.01167,2024-05-02,cs.IT,3,
2405.01169,2024-05-02,math.AG,2,
2405.01183,2024-05-02,cs.LO,5,
2405.01193,2024-05-02,math.CV,2,
2405.01194,2024-05-02,math.FA,2,
2405.01208,2024-05-02,math.OC,3,
2405.01209,2024-05-02,math.AP,2,
2405.01215,2024-05-02,cs.IT,3,
2405.01219,2024-05-02,math.NT,4,
2405.01232,2024-05-02,math.OC,2,
2405.01241,2024-05-02,math.OC,3,
2405.01244,2024-05-02,cs.IT,1,
2405.01245,2024-05-02,math.AP,3,
2405.01252,2024-05-02,math.AP,3,
2405.01262,2024-05-02,math.LO,2,
2405.01278,2024-05-02,math.NT,1,
2405.01281,2024-05-02,stat.ME,2,
2405.01282,2024-05-02,math.AG,1,
2405.01292,2024-05-02,math.OC,4,
2405.01294,2024-05-02,math.AC,1,
2405.01315,2024-05-02,math.AP,1,
2405.01364,2024-05-02,math.CO,2,
2405.01370,2024-05-02,math.FA,2,
2405.01374,2024-05-02,math.CO,4,
2405.01387,2024-05-02,math.OC,3,
2405.01397,2024-05-02,math.HO,1,
2405.01406,2024-05-02,math.NA,5,
2405.01408,2024-05-02,math.AP,4,
2405.01415,2024-05-02,math.FA,1,
2405.01423,2024-05-02,math.CO,2,
2405.01426,2024-05-02,math.NT,1,
2405.01427,2024-05-02,math.NT,1,
2405.01428,2024-05-02,math.NT,1,
2405.01429,2024-05-02,math.NT,1,
2405.01438,2024-05-02,math.OC,5,
2405.01441,2024-05-02,math.AP,2,
2405.01443,2024-05-03,math.NA,1,
2405.01465,2024-05-02,stat.CO,3,
2405.01482,2024-05-02,math.CV,1,
2405.01495,2024-05-02,cs.IT,2,
2405.01512,2024-05-02,math.NT,1,
2405.01521,2024-05-02,cs.CV,4,ai:llm;ai:llm_full
2405.01532,2024-05-02,quant-ph,3,
2405.01595,2024-04-30,math.MG,2,
2405.01619,2024-05-02,math.NA,1,
2405.01652,2024-05-02,cs.IT,3,
2405.01670,2024-05-02,math.AP,3,
2405.01675,2024-05-02,cs.LO,1,
2405.01683,2024-05-02,math.AG,2,
2405.01685,2024-05-02,math.PR,2,
2405.01700,2024-05-02,math.AC,4,
2405.01718,2024-05-02,cs.LG,2,
2405.01727,2024-05-02,math-ph,2,
2405.01731,2024-05-02,cs.LG,3,
2405.01747,2024-05-02,math.CO,1,
2405.01748,2024-05-02,math.CO,1,
2405.01749,2024-05-02,math.CO,1,
2405.01752,2024-05-02,math.CT,1,
2405.01753,2024-05-02,eess.SY,2,
2405.01767,2024-05-02,math.CO,3,
2405.01774,2024-05-02,cs.IT,2,
2405.01785,2024-05-03,cs.IT,4,
2405.01791,2024-05-03,math.AP,4,
2405.01798,2024-05-06,cs.IT,6,
2405.01808,2024-05-03,cs.IT,3,
2405.01818,2024-05-03,math.AP,1,
2405.01845,2024-05-03,math.AG,1,
2405.01854,2024-05-03,math.CO,1,
2405.01876,2024-05-03,math.RA,1,
2405.01877,2024-05-03,math.NT,4,
2405.01894,2024-05-03,math.AP,1,
2405.01895,2024-05-03,math.CV,3,
2405.01898,2024-05-03,math.DS,3,
2405.01902,2024-05-03,math.PR,1,
2405.01903,2024-05-03,math.AP,3,
2405.01905,2024-05-03,math.NA,3,
2405.01907,2024-05-03,math.FA,4,
2405.01912,2024-05-03,math.DG,2,
2405.01916,2024-05-03,eess.SY,6,
2405.01922,2024-05-03,math.AP,2,
2405.01929,2024-05-03,math.NA,3,
2405.01938,2024-05-03,math.NA,3,
2405.01939,2024-05-03,math.DS,1,
2405.01944,2024-05-03,math.CO,3,
2405.01948,2024-05-03,cs.IT,5,
2405.01952,2024-05-03,stat.ML,3,
2405.01955,2024-05-03,math.AP,4,
2405.01956,2024-05-03,math.RT,1,
2405.01958,2024-05-03,stat.CO,4,
2405.01968,2024-05-03,math.OC,4,
2405.01980,2024-05-03,math.PR,1,
2405.01984,2024-05-03,math.OC,3,
2405.01994,2024-05-03,stat.ML,1,
2405.01995,2024-05-03,cs.LG,5,
2405.02000,2024-05-03,physics.flu-dyn,1,
2405.02020,2024-05-03,physics.flu-dyn,6,
2405.02034,2024-05-03,math.OC,2,
2405.02044,2024-05-03,cs.LG,2,
2405.02056,2024-05-03,math.CO,2,
2405.02064,2024-05-03,math.AP,1,
2405.02073,2024-05-03,math.NA,3,
2405.02080,2024-05-03,cs.IT,5,
2405.02082,2024-05-03,stat.ML,1,
2405.02089,2024-05-03,math.OC,5,
2405.02090,2024-05-03,math.PR,3,
2405.02093,2024-05-03,math.AP,2,
2405.02094,2024-05-03,math.NA,2,
2405.02096,2024-05-03,math.AP,3,
2405.02105,2024-05-03,cs.AI,3,ai:gpt;ai:llm;ai:llm_full
2405.02107,2024-05-03,cs.IT,2,
2405.02110,2024-05-03,math.SG,1,
2405.02112,2024-05-03,math.NT,3,
2405.02118,2024-05-03,math.AP,3,
2405.02123,2024-05-03,math.AP,1,
2405.02137,2024-05-03,math.AP,3,
2405.02152,2024-05-03,math.AP,3,
2405.02164,2024-05-03,math.CO,1,
2405.02182,2024-05-03,math.NA,2,
2405.02184,2024-05-03,eess.SY,4,
2405.02189,2024-05-03,math.MG,4,
2405.02202,2024-05-03,math.CO,3,
2405.02205,2024-05-03,math.GT,1,
2405.02215,2024-05-03,math.AP,1,
2405.02226,2024-05-03,math.GR,2,
2405.02231,2024-05-03,stat.ME,5,
2405.02253,2024-05-03,math.OC,1,
2405.02268,2024-05-03,math.DG,2,
2405.02293,2024-02-19,cs.IT,3,
2405.02310,2024-03-31,cs.CE,8,
2405.02314,2024-04-07,cs.IT,2,
2405.02319,2024-04-18,stat.AP,2,
2405.02320,2024-04-20,cs.IT,3,
2405.02330,2024-04-25,cs.IT,5,
2405.02331,2024-04-25,math.GR,1,
2405.02335,2024-04-26,cs.IT,3,
2405.02352,2024-05-02,math.CA,2,
2405.02373,2024-05-03,math.OC,5,
2405.02405,2024-05-03,math.CV,1,
2405.02419,2024-05-03,math.NT,1,
2405.02424,2024-05-03,math.PR,1,
2405.02428,2024-05-03,math.NT,2,
2405.02443,2024-05-03,math.NT,2,
2405.02444,2024-05-03,math.AP,1,
2405.02446,2024-05-03,math.AP,3,
2405.02450,2024-05-03,math.AP,2,
2405.02456,2024-05-03,math.OC,3,
2405.02457,2024-05-03,math.AP,1,
2405.02491,2024-05-03,math-ph,2,
2405.02498,2024-05-03,math.ST,2,
2405.02502,2024-05-03,math.PR,5,
2405.02526,2024-05-04,math.AP,1,
2405.02527,2024-05-04,math.DG,4,
2405.02531,2024-05-04,math.AP,3,
2405.02533,2024-05-04,math.OC,2,
2405.02540,2024-05-04,math.RT,4,
2405.02541,2024-05-04,math-ph,3,
2405.02542,2024-05-04,math.AC,3,
2405.02557,2024-05-04,math.AP,3,
2405.02577,2024-05-04,math.CO,1,
2405.02582,2024-05-04,math.DS,4,
2405.02585,2024-05-04,cs.IT,3,
2405.02587,2024-05-04,physics.comp-ph,4,
2405.02588,2024-05-04,math.OC,2,
2405.02597,2024-05-04,math.GT,1,
2405.02602,2024-05-04,cs.CL,3,ai:gpt;ai:llm
2405.02604,2024-05-04,cs.IT,6,
2405.02607,2024-05-04,math.CA,4,
2405.02616,2024-05-04,math.NA,5,
2405.02624,2024-05-04,math.GR,4,
2405.02635,2024-05-04,math.FA,1,
2405.02663,2024-05-04,math.GR,1,
2405.02681,2024-05-04,cs.IT,4,
2405.02683,2024-05-04,cs.IT,3,
2405.02684,2024-05-04,math.AP,1,
2405.02687,2024-05-04,cs.IT,3,
2405.02689,2024-05-04,math.RA,1,
2405.02701,2024-05-04,math.AG,2,
2405.02702,2024-05-04,math.RT,1,
2405.02705,2024-05-04,cs.IT,4,
2405.02713,2024-05-04,cs.IT,6,
2405.02715,2024-05-04,stat.ME,3,
2405.02720,2024-05-04,math.PR,1,
2405.02725,2024-05-04,math.FA,3,
2405.02728,2024-05-04,math.AP,3,
2405.02729,2024-05-04,math.DS,3,
2405.02736,2024-05-04,math.RT,2,
2405.02739,2024-05-04,math.RT,4,
2405.02769,2024-05-04,cs.LG,4,
2405.02776,2024-05-05,math.CA,1,
2405.02789,2024-05-05,math.PR,1,
2405.02810,2024-05-05,math.NA,3,
2405.02813,2024-05-05,eess.SY,4,
2405.02818,2024-05-05,cs.IT,4,
2405.02822,2024-05-05,math.OA,2,
2405.02829,2024-05-05,cs.DS,2,
2405.02833,2024-05-05,math.PR,3,
2405.02836,2024-05-05,math.CV,1,
2405.02841,2024-05-05,cs.IT,4,
2405.02851,2024-05-05,math-ph,2,
2405.02872,2024-05-05,math.NA,3,
2405.02877,2024-05-05,math.AP,2,
2405.02878,2024-05-05,math.DS,2,
2405.02902,2024-05-05,math.CA,1,
2405.02909,2024-05-05,math.CA,5,
2405.02916,2024-05-05,quant-ph,1,
2405.02931,2024-05-05,cs.IT,2,
2405.02952,2024-05-05,cs.LG,2,
2405.02966,2024-05-05,math.NT,1,
2405.02970,2024-05-05,math.NT,1,
2405.02987,2024-05-05,math.DS,2,
2405.02988,2024-05-05,math.CA,1,
2405.02992,2024-05-05,math.GR,1,
2405.02997,2024-05-05,math.RA,2,
2405.02998,2024-05-05,math.NT,1,
2405.03015,2024-05-05,math.AG,3,
2405.03020,2024-05-05,math.CV,2,
2405.03021,2024-05-05,econ.EM,1,
2405.03028,2024-05-05,math.AG,1,
2405.03036,2024-05-05,physics.flu-dyn,1,
2405.03051,2024-05-05,math.OC,3,
2405.03074,2024-05-05,math.AP,2,
2405.03079,2024-05-05,math.CO,3,
2405.03081,2024-05-05,math.NA,5,
2405.03086,2024-05-06,math.NT,5,
2405.03087,2024-05-06,math.CA,7,
2405.03092,2024-05-06,cond-mat.mtrl-sci,5,
2405.03095,2024-05-06,cs.LG,4,
2405.03101,2024-05-07,cs.IT,6,
2405.03114,2024-05-06,math.CO,3,
2405.03119,2024-05-06,cs.IT,6,
2405.03123,2024-05-06,math.OC,4,
2405.03124,2024-05-06,math.DS,2,
2405.03125,2024-05-06,cs.IT,6,
2405.03131,2024-05-06,cs.IT,8,ai:llm;ai:llm_full
2405.03142,2024-05-06,math.LO,1,
2405.03143,2024-05-06,math.NA,4,
2405.03145,2024-05-06,math.NA,2,
2405.03148,2024-05-06,q-bio.MN,3,
2405.03154,2024-05-06,math.DS,4,
2405.03161,2024-05-06,math.DG,3,
2405.03175,2024-05-06,math.KT,3,
2405.03183,2024-05-06,cs.DC,7,
2405.03186,2024-05-06,math.NT,2,
2405.03191,2024-05-06,cs.IT,4,
2405.03196,2024-05-06,cs.IT,4,
2405.03198,2024-05-06,stat.ML,4,
2405.03200,2024-05-06,math.DS,5,
2405.03208,2024-05-06,math.DS,3,
2405.03224,2024-05-06,math.NA,2,
2405.03227,2024-05-06,math.DS,1,
2405.03231,2024-05-06,math.OA,1,
2405.03232,2024-05-06,cs.IT,2,
2405.03237,2024-05-06,math.CO,2,
2405.03238,2024-05-07,math-ph,4,
2405.03242,2024-05-06,math.AP,3,
2405.03246,2024-05-06,math.DG,2,
2405.03252,2024-05-06,cs.IT,2,
2405.03257,2024-05-06,math.OC,2,
2405.03258,2024-05-06,math.CT,2,
2405.03268,2024-05-06,math.CO,2,
2405.03270,2024-05-06,math.CO,3,
2405.03283,2024-05-06,math.AP,2,
2405.03294,2024-05-06,math.CA,1,
2405.03300,2024-05-06,cs.IT,7,
2405.03319,2024-05-06,math.AT,1,
2405.03343,2024-05-06,math.NA,3,
2405.03348,2024-05-06,cs.IT,10,
2405.03364,2024-05-06,math.OA,1,
2405.03378,2024-05-06,math-ph,4,
2405.03383,2024-05-06,math-ph,3,
2405.03392,2024-05-06,math.GR,2,
2405.03394,2024-05-06,math.CV,4,
2405.03404,2024-05-06,math.DS,2,
2405.03410,2024-05-06,math.AP,1,
2405.03415,2024-05-06,math.NA,3,
2405.03422,2024-05-06,math.AP,3,
2405.03428,2024-05-06,math.LO,3,
2405.03431,2024-05-06,gr-qc,5,
2405.03433,2024-05-06,math.NA,3,
2405.03444,2024-05-06,math.SG,1,
2405.03445,2024-05-06,math.GR,1,
2405.03455,2024-05-06,math.CO,6,
2405.03460,2024-05-06,math.PR,3,
2405.03461,2024-05-06,math.MG,1,
2405.03469,2024-05-06,math.SP,2,
2405.03474,2024-05-06,cs.DS,4,
2405.03475,2024-05-06,math.AG,1,
2405.03477,2024-05-06,math.CO,1,
2405.03483,2024-05-06,math.NA,2,
2405.03487,2024-05-06,math.ST,2,
2405.03498,2024-05-06,math.AT,1,
2405.03500,2024-05-06,cs.MM,1,
2405.03505,2024-05-06,math.AG,2,
2405.03508,2024-05-06,math.CO,2,
2405.03517,2024-05-06,math.CO,2,
2405.03539,2024-05-06,math.GT,3,
2405.03540,2024-04-29,math.GM,1,
2405.03542,2024-04-26,eess.SP,3,
2405.03543,2024-05-06,math.LO,3,
2405.03549,2024-05-06,stat.ML,3,
2405.03552,2024-05-06,math.NT,1,
2405.03556,2024-05-06,math.FA,2,
2405.03578,2024-05-06,math.KT,2,
2405.03584,2024-05-06,math.OC,3,
2405.03586,2024-05-06,math.AP,4,
2405.03587,2024-05-06,math.CO,4,
2405.03588,2024-05-06,math.NA,2,
2405.03593,2024-05-06,math.AP,3,
2405.03604,2024-05-06,math.LO,1,
2405.03614,2024-05-06,cs.IT,6,
2405.03617,2024-05-06,math-ph,2,
2405.03621,2024-05-06,math.NT,1,
2405.03624,2024-05-06,cs.LG,3,
2405.03628,2024-05-06,cs.IT,3,
2405.03631,2024-05-06,nlin.CD,4,
2405.03638,2024-05-06,cs.IT,3,
2405.03641,2024-05-06,math.DS,1,
2405.03653,2024-05-06,math.AP,2,
2405.03668,2024-05-06,math.DS,1,
2405.03693,2024-04-04,physics.data-an,5,
2405.03731,2024-05-06,math.CO,1,
2405.03737,2024-05-06,gr-qc,1,
2405.03756,2024-05-06,math.DG,1,
2405.03772,2024-05-06,math.CO,1,
2405.03791,2024-05-06,math.AP,2,
2405.03793,2024-05-06,math.CT,2,
2405.03798,2024-05-06,cs.IT,2,
2405.03802,2024-05-06,math.AP,1,
2405.03815,2024-05-06,stat.ME,4,
2405.03835,2024-05-06,math.FA,2,
2405.03839,2024-05-06,math.DG,3,
2405.03843,2024-05-06,math.AG,1,
2405.03861,2024-05-06,q-bio.MN,4,
2405.03866,2024-05-06,math.SG,1,
2405.03867,2024-05-06,math.FA,4,
2405.03877,2024-05-06,hep-th,3,
2405.03886,2024-05-06,math.AG,1,
2405.03909,2024-05-06,math.AP,2,
2405.03936,2024-05-07,math.CV,2,
2405.03937,2024-05-07,math.PR,4,
2405.03965,2024-05-07,math-ph,2,
2405.03973,2024-05-07,math.RT,4,
2405.03979,2024-05-07,math.GR,1,
2405.03982,2024-05-07,math.AP,3,
2405.03984,2024-05-07,math.AP,4,
2405.04004,2024-05-07,math.CO,1,
2405.04014,2024-05-07,math.AP,2,
2405.04017,2024-05-07,cs.LG,3,
2405.04022,2024-05-07,math.AC,1,
2405.04040,2024-05-07,math.CV,3,
2405.04050,2024-05-07,cs.IT,2,
2405.04055,2024-05-07,math-ph,3,
2405.04058,2024-05-07,math.NT,3,
2405.04073,2024-05-07,math.PR,2,
2405.04084,2024-05-07,math.AP,3,
2405.04116,2024-05-07,math.NA,3,
2405.04117,2024-05-07,math.CO,2,
2405.04120,2024-05-07,cs.IT,7,
2405.04137,2024-05-07,math.QA,2,
2405.04141,2024-05-07,math.GR,1,
2405.04143,2024-05-07,math.NT,1,
2405.04154,2024-05-07,math.NT,1,
2405.04155,2024-05-07,physics.flu-dyn,6,
2405.04162,2024-05-07,math.DG,2,
2405.04168,2024-05-07,cs.CR,2,
2405.04172,2024-05-07,math.OC,3,
2405.04205,2024-05-07,math-ph,3,
2405.04209,2024-05-07,math.RA,2,
2405.04214,2024-05-07,math.NA,3,
2405.04220,2024-05-07,math.CA,2,
2405.04221,2024-05-07,math.NT,2,
2405.04227,2024-05-07,math.DG,1,
2405.04231,2024-05-07,gr-qc,2,
2405.04242,2024-05-07,math.PR,2,
2405.04268,2024-05-07,math.AP,2,
2405.04283,2024-05-07,cs.IT,5,
2405.04298,2024-05-07,math.AP,3,
2405.04301,2024-05-07,math.DG,2,
2405.04302,2024-05-07,math.AP,2,
2405.04306,2024-05-07,math.AG,2,
2405.04328,2024-05-07,math.NT,1,
2405.04329,2024-05-07,math.KT,3,
2405.04331,2024-05-07,math.OC,2,
2405.04343,2024-05-07,math.OA,5,
2405.04348,2024-05-07,math.AP,3,
2405.04349,2024-05-07,math.CO,4,
2405.04357,2024-05-07,cs.IT,4,
2405.04380,2024-05-07,math.OC,4,
2405.04384,2024-05-07,math.CV,4,
2405.04391,2024-05-07,math.NT,1,
2405.04399,2024-05-07,math.NA,1,
2405.04400,2024-05-07,cs.IT,2,
2405.04410,2024-05-07,math.RT,1,
2405.04417,2024-05-07,math.PR,2,
2405.04418,2024-05-07,physics.bio-ph,5,
2405.04421,2024-05-07,math.CO,1,
2405.04422,2024-05-07,math.GT,1,
2405.04425,2024-05-07,math.AG,1,
2405.04433,2024-05-07,math.NA,3,
2405.04439,2024-05-07,math-ph,2,
2405.04449,2024-05-07,math.AP,2,
2405.04458,2024-05-07,cond-mat.other,1,
2405.04466,2024-05-07,physics.flu-dyn,6,
